<?xml version="1.0" encoding="UTF-8"?>
<!-- Copyright (c) 2011, Oracle and/or its affiliates. All rights reserved.-->
<connector orderid="1" xmlns:xsi="http://www.w3.org/2001/XMLSchema-instance" xsi:noNamespaceSchemaLocation=".\ConnectorSchema.xsd">
<connector-name>Flat File Connector</connector-name>
<connector-version>1.0</connector-version>
<filecopy>
<destination folder="bundles">
<file></file>
</destination>
</filecopy>
<configuration>
<source folder="xml">
<file>FlatFile-ConnectorConfig.xml</file>
</source>
</configuration>
</connector>
